"SAMPLE","DateTime","DATE","TIME","Timepoint","CYT","CYTSN","OP","SSC-H_Gain","SSC-A_Gain","V1-A_Gain","V2-A_Gain","V3-A_Gain","V4-A_Gain","V5-A_Gain","V6-A_Gain","V7-A_Gain","V8-A_Gain","V9-A_Gain","V10-A_Gain","V11-A_Gain","V12-A_Gain","V13-A_Gain","V14-A_Gain","V15-A_Gain","V16-A_Gain","FSC-H_Gain","FSC-A_Gain","SSC-B-H_Gain","SSC-B-A_Gain","B1-A_Gain","B2-A_Gain","B3-A_Gain","B4-A_Gain","B5-A_Gain","B6-A_Gain","B7-A_Gain","B8-A_Gain","B9-A_Gain","B10-A_Gain","B11-A_Gain","B12-A_Gain","B13-A_Gain","B14-A_Gain","R1-A_Gain","R2-A_Gain","R3-A_Gain","R4-A_Gain","R5-A_Gain","R6-A_Gain","R7-A_Gain","R8-A_Gain","Violet_LaserDelay","Blue_LaserDelay","Red_LaserDelay","Violet_AreaScalingFactor","Blue_AreaScalingFactor","Red_AreaScalingFactor","SSC-H","SSC-A","V1-A","V2-A","V3-A","V4-A","V5-A","V6-A","V7-A","V8-A","V9-A","V10-A","V11-A","V12-A","V13-A","V14-A","V15-A","V16-A","FSC-H","FSC-A","SSC-B-H","SSC-B-A","B1-A","B2-A","B3-A","B4-A","B5-A","B6-A","B7-A","B8-A","B9-A","B10-A","B11-A","B12-A","B13-A","B14-A","R1-A","R2-A","R3-A","R4-A","R5-A","R6-A","R7-A","R8-A"
"13_After QC",2019-12-13 09:05:52.33,"2019-12-13","9H 5M 52.33S","After","Aurora","16888","Flow Core",260,260,1369,2307,1752,1051,1202,1054,1463,1267,1160,1139,1106,871,842,4088,1399,1061,175,175,1499,1499,9629,3040,2705,1628,1768,1482,2606,2207,2660,2842,1048,1454,1944,1052,1899,1385,1885,1796,1000,984,2351,1019,-25.25,0,26.375,0.91,1.02,1.22,1961186.5,1973008.4375,188775.3125,441709.25,525852.09375,541624.5,510896.015625,363015.21875,391716.390625,239752.8515625,164349.765625,152617.796875,67368.89453125,35001.345703125,23078.12890625,17332.541015625,11396.7744140625,4514.6748046875,1940848,1961574,1924132.5,1927436.375,59553.73046875,61551.3671875,166504.765625,218961.4140625,214017.9296875,180108.6484375,103393.55078125,79178.453125,66825.4921875,31450.646484375,19983.87109375,15928.7934570312,10346.9033203125,10764.1557617188,188871.8671875,348356.078125,273927.78125,178689.4453125,141366.9765625,104493.81640625,77286.84375,36971.1484375
"13_Before QC",2019-12-13 09:00:27.76,"2019-12-13","9H 0M 27.76S","Before","Aurora","16888","Flow Core",256,256,1351,2252,1737,1039,1175,1035,1434,1254,1141,1125,1092,866,836,4169,1406,1064,182,182,1527,1527,9753,3049,2685,1643,1778,1486,2649,2211,2645,2875,1058,1467,1948,1068,1894,1373,1844,1771,997,982,2330,1016,-25.425,0,26.375,0.92,1.02,1.21,1981710,2001046.625,192720.1875,451609.796875,536837.09375,540827.0625,507418.953125,362052.296875,388412.796875,238742.4453125,167794.421875,151449.5390625,67318.2734375,35964.78515625,23791.3720703125,18960.607421875,12076.8432617188,4813.89111328125,2061722.5,2097033.9375,1992377.5,1991007.5625,63003.138671875,63111.306640625,169996.0390625,229262.671875,223499.015625,182274.3515625,111454.69140625,80569.7734375,68020.453125,34543.83203125,20709.6640625,16556.7587890625,11254.1938476562,11356.6079101562,190654.59375,354063.515625,278316.84375,180450.1796875,142944.6484375,105872.734375,79836.48828125,37574.994140625
"12_After QC",2019-12-12 08:48:47.45,"2019-12-12","8H 48M 47.45S","After","Aurora","16888","Flow Core",256,256,1351,2252,1737,1039,1175,1035,1434,1254,1141,1125,1092,866,836,4169,1406,1064,182,182,1527,1527,9753,3049,2685,1643,1778,1486,2649,2211,2645,2875,1058,1467,1948,1068,1894,1373,1844,1771,997,982,2330,1016,-25.425,0,26.375,0.92,1.02,1.21,2009970,2020210.375,195524.0078125,462303.4375,540294.8125,545351.75,517691.046875,367953.15625,395050.4375,240484.875,169782.6484375,153322.0703125,68103.19140625,36076.638671875,23902.427734375,18759.3740234375,12071.5380859375,4838.9345703125,2004337,2022073.75,1973111,1969632.5,62676.091796875,62900.578125,170320.0078125,227123.46875,222919.546875,181520.328125,110403.1328125,80905.61328125,68628.23046875,34189.390625,20539.0888671875,16541.193359375,11228.8676757812,11198.5258789062,191737.4296875,358667.0625,284474.3125,183828.234375,144116.9296875,106917.62890625,80602.703125,37802.048828125
"12_Before QC",2019-12-12 08:44:20.19,"2019-12-12","8H 44M 20.19S","Before","Aurora","16888","Flow Core",260,260,1418,2322,1719,1094,1187,1078,1441,1237,1186,1085,1077,840,773,3896,1272,934,176,176,1532,1532,9251,2895,2748,1528,1612,1419,2566,2127,2512,2640,1004,1390,1837,1016,1502,1073,1417,1352,793,774,1857,805,-25.3,0,26.4,0.91,1.02,1.22,2026201.5,2012330.875,198446.71875,453734.03125,532482.59375,575607.84375,510706.28125,379449.640625,387916.03125,237217.3359375,172448.890625,147833.578125,67326.9453125,34065.15625,21968.009765625,16778.8271484375,10820.96484375,4303.29736328125,1911952,1887721.8125,1973114,1975880.4375,60052.55859375,60302.341796875,171440.3828125,209140.171875,203553.8125,176986.3203125,105373.57421875,77943.9140625,65587.3359375,30752.1767578125,19626.5693359375,15906.5068359375,10804.1567382812,10646.0888671875,154828.46875,284176.65625,217303.9140625,145393.1171875,115495.109375,85256.18359375,64748.1171875,29888.16015625
"11_After QC",2019-12-11 09:13:44.4,"2019-12-11","9H 13M 44.4S","After","Aurora","16888","Flow Core",260,260,1418,2322,1719,1094,1187,1078,1441,1237,1186,1085,1077,840,773,3896,1272,934,176,176,1532,1532,9251,2895,2748,1528,1612,1419,2566,2127,2512,2640,1004,1390,1837,1016,1502,1073,1417,1352,793,774,1857,805,-25.3,0,26.5,0.91,1.02,1.22,1998791.5,2003319.1875,191747.2734375,452008.359375,549294.09375,549807.75,515852.59375,371158.328125,395014.875,237541.90625,166123.703125,153420.1171875,67140.7734375,35293.826171875,23708.7421875,18467.7236328125,11880.4311523438,4726.11694335938,1968509.5,1987047.8125,2010872,2022043.125,62760.890625,61529.775390625,170809.8671875,220080.3046875,222356.5859375,186649.421875,109069.765625,79733.41015625,68147.70703125,32903.345703125,20799.427734375,16543.134765625,11349.0034179688,11298.3984375,189689.03125,357342.25,274442.8125,180331.90625,143735.59375,107463.07421875,80835.01953125,37311.86328125
"11_Before QC",2019-12-11 09:07:31.5,"2019-12-11","9H 7M 31.5S","Before","Aurora","16888","Flow Core",269,269,1444,2310,1682,1119,1190,1124,1446,1229,1160,973,840,600,559,933,862,656,171,171,1422,1422,9252,2764,2427,1383,1406,1247,2085,1624,2026,2136,801,1085,1448,810,640,413,581,554,330,312,778,342,-25.3,0,26.4,0.91,1.01,1.23,2081368,2084158.5625,198517.4296875,455520.4375,533086.28125,564896.96875,519441.8125,382105.75,396278.3125,232691.625,162658.796875,136744.3828125,52232.98046875,25828.78125,17121.193359375,4431.68334960938,8145.55200195312,3367.5673828125,1877758,1881376.5,1849412.5,1841803,62799.06640625,58220.384765625,148448.09375,199131.0234375,194028.3515625,160532.15625,89220.0390625,61296.4375,54993.833984375,27490.931640625,16448.2158203125,12762.0205078125,8800.92626953125,8911.7548828125,84199.12890625,143550.6328125,118576.77734375,76617.046875,60514.2265625,43469.7734375,34354.388671875,15931.1606445312
"10_After QC",2019-12-10 10:05:27.66,"2019-12-10","10H 5M 27.66S","After","Aurora","16888","Flow Core",269,269,1444,2310,1682,1119,1190,1124,1446,1229,1160,973,840,600,559,933,862,656,171,171,1422,1422,9252,2764,2427,1383,1406,1247,2085,1624,2026,2136,801,1085,1448,810,640,413,581,554,330,312,778,342,-25.3,0,26.4,0.91,1.01,1.23,2018321,2031734.3125,196385.1796875,444355.046875,534412.9375,550847.40625,518988.921875,371702.671875,392990.421875,236853.2265625,168264.7578125,149461.484375,66640.97265625,35973.544921875,23781.6953125,18664.3359375,11986.4423828125,4823.26782226562,1954294.5,1977552.5625,1939747,1939754.25,62983.544921875,61478.34765625,163426.6171875,221806.3359375,227386.8515625,187545.0859375,107331.44921875,78797.578125,70297.11328125,34628.82421875,20798.9228515625,16491.6484375,11313.5986328125,11194.4624023438,193852.7890625,360994.015625,290966.34375,179509.546875,143730.2109375,107018.09375,82758.8125,37615.75
"10_Before QC",2019-12-10 10:01:11.59,"2019-12-10","10H 1M 11.59S","Before","Aurora","16888","Flow Core",260,260,1371,2243,1715,1044,1178,1057,1388,1224,1066,941,788,550,539,2520,829,654,176,176,1509,1509,9171,2884,2420,1398,1479,1237,2062,1579,1993,2059,795,1067,1440,805,603,397,556,529,319,303,753,332,-25.275,0,26.3,0.91,1.02,1.22,1941950,1962465.5625,186213.578125,427058.703125,554155.3125,518242.75,520078.515625,356829.34375,383610.0625,238146.0625,156748.3203125,143778.75,62826.931640625,33099.224609375,22908.349609375,50718.2109375,11389.1801757812,4622.22241210938,2036150.5,2059399.3125,2095284.5,2110172.25,62573.87890625,65247.587890625,165471.5078125,223384.3515625,235773.9140625,188734.15625,108019.640625,76750.21484375,67598.3203125,33249.73828125,20616.8095703125,16343.6284179688,11267.8046875,11341.1064453125,184858.046875,347075.328125,276584.65625,169899.4921875,139535.234375,104257.33203125,80050.58984375,36686.244140625
"09_After QC",2019-12-09 08:51:27.3,"2019-12-09","8H 51M 27.3S","After","Aurora","16888","Flow Core",260,260,1371,2243,1715,1044,1178,1057,1388,1224,1066,941,788,550,539,2520,829,654,176,176,1509,1509,9171,2884,2420,1398,1479,1237,2062,1579,1993,2059,795,1067,1440,805,603,397,556,529,319,303,753,332,-25.275,0,26.3,0.91,1.02,1.22,1989102,1991983.75,192389.296875,449393.171875,543045.875,547103.25,518291.921875,367410.265625,388965.3125,236613.3671875,166809.9296875,150096.453125,67198.0078125,36373.880859375,23732.6552734375,18714.4609375,12000.2944335938,4829.27978515625,1978247.5,1991229.3125,2034398,2037111.6875,62693.408203125,62562.150390625,168062.2421875,223061.9140625,225307.3359375,189625.8984375,110581.23828125,79006.38671875,68295.14453125,33006.0703125,20742.017578125,16553.4443359375,11272.5161132812,11325.2290039062,194535.9140625,362144.84375,286225.921875,175823.125,143943.9140625,107315.1171875,82184.40625,37804.9609375
"09_Before QC",2019-12-09 08:46:58.41,"2019-12-09","8H 46M 58.41S","Before","Aurora","16888","Flow Core",258,258,1303,2222,1655,1013,1165,1016,1380,1183,1033,927,758,529,531,2400,797,621,182,182,1553,1553,9570,2975,2352,1394,1503,1216,2066,1604,1981,2100,796,1060,1453,814,584,393,557,518,316,300,746,330,-25.35,0,26.275,0.92,1.02,1.22,1968644.5,1992006.4375,184832.3828125,452924.453125,515101.703125,528879.1875,510501.875,355053.984375,393018.53125,233539.203125,165010.25,152120.5078125,65553.39453125,35179.1484375,23737.1875,17952.0478515625,11856.5708007812,4750.81982421875,2052086,2096020.9375,2009880,2018193.4375,65125.09375,65692.03125,168444.6171875,222228.40625,231273.6640625,189129.7421875,110197.12890625,81702.88671875,68227.0625,34646.544921875,20857.837890625,16526.1083984375,11395.9404296875,11378.7543945312,187946.7421875,357975.359375,286224.859375,172513.453125,142646.953125,106510.0234375,81896.27734375,37821.123046875
"06_Before QC",2019-12-06 08:44:04.09,"2019-12-06","8H 44M 4.09S","Before","Aurora","16888","Flow Core",262,262,1351,2236,1691,1031,1179,1070,1420,1205,1060,944,786,549,542,2499,832,659,172,172,1499,1499,9192,2802,2354,1342,1410,1184,1998,1605,1939,2030,775,1046,1407,788,591,395,547,522,316,299,747,329,-25.3,0,26.4,0.91,1.02,1.23,2030927,2007330.1875,201811.0234375,444445.625,534621,552354.0625,519485.65625,378083.046875,399408.734375,242605.8671875,171976,153560.40625,69272.87890625,36525.181640625,23875.9287109375,19032.1689453125,12150.2778320312,4856.01318359375,1836235.5,1825913.25,1973989.5,1973901.6875,59597.3984375,61802.9921875,171918.2890625,213334.046875,213969.1171875,182449.46875,105820.5,80813.59375,67117.671875,32450.59375,20203.0576171875,16263.708984375,10973.7885742188,10906.8725585938,192810.25,371036.265625,284406.515625,176913.1328125,145154.359375,107931.5859375,83167.61328125,37868.7734375
"03_After QC",2019-12-03 08:54:57.96,"2019-12-03","8H 54M 57.96S","After","Aurora","16888","Flow Core",262,262,1351,2206,1665,1031,1175,1061,1383,1192,1058,915,765,541,528,2440,803,623,174,174,1517,1517,9170,2816,2391,1361,1426,1205,2012,1559,1914,2086,779,1049,1412,797,599,392,552,523,315,299,747,329,-25.375,0,26.325,0.91,1.02,1.23,2016044,2029273.25,196972.2109375,455296.421875,541389.46875,539390.28125,523907.515625,372047.890625,393702.890625,234880.1328125,169303.0546875,151046.6015625,67233.26953125,36310.634765625,23744.3671875,18444.8583984375,11993.3129882812,4805.35717773438,1944272.5,1964892.875,2015077,2027258.125,63424.626953125,63515.908203125,172093.5390625,226894.359375,224690.03125,190252.2265625,107149.87109375,79793.55078125,65837.40625,35465.982421875,20838.7412109375,16459.9462890625,11332.6918945312,11328.0849609375,194690.859375,364111.640625,290520.703125,176169.8671875,144291.71875,107569.421875,83174.42578125,37801.849609375
"03_Before QC",2019-12-03 08:49:58.95,"2019-12-03","8H 49M 58.95S","Before","Aurora","16888","Flow Core",260,260,1349,2223,1637,1039,1144,1053,1392,1215,1060,911,765,548,530,2473,819,648,175,175,1521,1521,9017,2889,2361,1368,1417,1169,2045,1581,1961,2039,784,1063,1412,800,600,394,548,524,317,301,747,330,-25.375,0,26.375,0.91,1.02,1.22,1993034.5,1999096.8125,196374.953125,453725.09375,519646.71875,537114.03125,508693.734375,369980.015625,391121.8125,239887.6484375,169281.359375,151157.484375,66899.40625,36139.322265625,23631.3193359375,18655.9345703125,11982.609375,4800.97119140625,1948757,1966976.625,1999726.5,2009263.3125,62109.10546875,62981.3203125,172035.9375,226054.21875,224246.984375,185137.90625,112019.7734375,79514.546875,68773.796875,33425.240234375,20758.833984375,16693.1416015625,11278.712890625,11396.1010742188,190634.4453125,359024.125,281729.125,176011.0078125,143326.2265625,107142.63671875,81992.296875,37610.2578125
"27_After QC",2019-11-27 11:20:41.01,"2019-11-27","11H 20M 41.01S","After","Aurora","16888","Flow Core",263,263,1366,2207,1685,1064,1155,1059,1383,1218,1092,905,784,558,534,2709,848,657,180,180,1519,1519,9204,2899,2447,1413,1429,1198,2124,1600,1930,2066,804,1082,1436,820,585,397,542,536,321,306,760,335,-25.525,0,26.375,0.91,1.02,1.21,1980316.5,1980286.875,192023.5859375,441325.65625,542712.9375,544693.375,516030.90625,365880.046875,391248.25,237447.1875,168008.4140625,149716.8828125,67287.484375,35600.69140625,23556.080078125,18688.4150390625,11885.3837890625,4752.6162109375,1972398.5,1997672.1875,1948354.5,1959902.625,61548.478515625,62351.46875,172718.4765625,223836.765625,221606.0390625,183615.3671875,113540.81640625,81007.609375,68076.44140625,32988.353515625,20565.3212890625,16336.421875,10960.9731445312,11053.25390625,189266.1875,360365.921875,276599.03125,178182.03125,143056.1953125,106706.48828125,81240.71875,37378.75390625
"27_After QC",2019-11-27 11:16:00.87,"2019-11-27","11H 16M 0.87S","After","Aurora","16888","Flow Core",260,260,1353,2219,1677,1051,1154,1044,1380,1204,1060,896,778,550,533,2485,826,654,176,176,1509,1509,9144,2800,2375,1371,1420,1210,2089,1612,1934,2112,793,1061,1427,805,590,396,556,540,321,305,765,335,-25.375,0,26.325,0.91,1.02,1.22,1835578,1837212.625,187339.734375,433160.890625,527605.84375,521738.5625,502642.546875,350856.5625,380706.78125,230432.8203125,160150.421875,146499.6796875,65427.896484375,34136.712890625,22255.3603515625,14971.0751953125,10514.0883789062,4031.232421875,1812431,1832795.625,1836094.5,1845433.125,56254.61328125,59307.17578125,160375.4296875,211624.4140625,214544.84375,177762.734375,103347.46875,77689.34765625,65529.720703125,32363.3623046875,19220.853515625,14829.6943359375,9436.09716796875,10091.4296875,183175.9296875,343796.203125,272597.6875,170557.984375,136300.5546875,101365.39453125,76837.36328125,35292.21875
"26_After QC",2019-11-26 08:46:54.82,"2019-11-26","8H 46M 54.82S","After","Aurora","16888","Flow Core",260,260,1353,2219,1677,1051,1154,1044,1380,1204,1060,896,778,550,533,2485,826,654,176,176,1509,1509,9144,2800,2375,1371,1420,1210,2089,1612,1934,2112,793,1061,1427,805,590,396,556,540,321,305,765,335,-25.375,0,26.325,0.91,1.02,1.22,1990066.5,1996651.625,196043.1484375,454202.109375,543204.875,545254.65625,513264.265625,363145.703125,396007.21875,240412.421875,167776.640625,150912.78125,67615.51171875,36313.466796875,23714.0859375,18443.380859375,12015.0732421875,4793.04663085938,1962785.5,1978313.0625,2027225,2033478.875,62931.857421875,63311.951171875,170578.1328125,226704.2265625,222815.6015625,188513.3671875,111128.2421875,81831.15625,68631.52734375,35142.26953125,20868.55859375,16541.681640625,11257.5893554688,11366.1840820312,190458.4140625,360159.5625,285229.59375,178305.2890625,143456.421875,107132.54296875,82667.02734375,37565.37890625
"26_Before QC",2019-11-26 08:43:19.2,"2019-11-26","8H 43M 19.2S","Before","Aurora","16888","Flow Core",260,260,1350,2222,1702,1050,1165,1050,1395,1212,1059,897,775,548,534,2481,825,652,177,177,1491,1491,8881,2792,2326,1350,1385,1182,2037,1581,1906,2092,777,1038,1397,790,591,390,548,530,316,300,752,329,-25.4,0,26.425,0.91,1.02,1.23,1991035.5,1982900.625,196743.2109375,454134.921875,540796.96875,545421.125,512070.46875,369311.609375,395304.515625,240003.234375,167740.2265625,151081.9453125,66322.71875,35716.033203125,23696.9375,18460.896484375,11929.142578125,4782.92114257812,1961109,1975134.125,1929650.5,1929527,61242.009765625,63324.134765625,162769.75,219378.015625,216243.6328125,188367.9453125,110888.21484375,78668.6875,65326.419921875,34997.087890625,20339.4619140625,16075.0649414062,11104.9755859375,11063.908203125,190858.1875,357653.234375,281837.84375,175716.671875,142340.015625,106012.70703125,81982.75,37473.82421875
"25_After QC",2019-11-25 09:23:47.74,"2019-11-25","9H 23M 47.74S","After","Aurora","16888","Flow Core",260,260,1350,2222,1702,1050,1165,1050,1395,1212,1059,897,775,548,534,2481,825,652,177,177,1491,1491,8881,2792,2326,1350,1385,1182,2037,1581,1906,2092,777,1038,1397,790,591,390,548,530,316,300,752,329,-25.4,0,26.425,0.91,1.02,1.23,1986657,1994680.375,198114.2734375,454248.53125,536206.65625,548854.25,511244.71875,370715.109375,393096.6875,239750.015625,168363.546875,151192.6953125,66775.82421875,36014.51953125,23718.162109375,18561.064453125,11969.9067382812,4789.04077148438,2014085,2031272.375,1950778.5,1956280.75,62743.927734375,63979.99609375,166662.453125,223532.8984375,221482.78125,192790.4765625,113716.8984375,80480.68359375,66428.23828125,35414.478515625,20842.8857421875,16485.705078125,11323.271484375,11327.6245117188,191537.8203125,362085.8125,285157.375,178490.6171875,143826.421875,107273.5390625,83143.07421875,37868.7890625
"25_Before QC",2019-11-25 09:20:09.33,"2019-11-25","9H 20M 9.33S","Before","Aurora","16888","Flow Core",264,264,1386,2256,1707,1079,1177,1069,1412,1225,1077,911,795,564,543,2563,844,664,173,173,1468,1468,8663,2741,2342,1331,1363,1182,2041,1567,1900,2067,768,1030,1391,779,617,397,563,546,322,304,763,334,-25.375,0,26.375,0.9,1.01,1.23,2028244.5,2016601.75,201844.671875,469579.328125,531628.15625,556985.1875,518888.921875,367420.171875,400849.3125,237669.9609375,167290.3203125,150328.1875,69043.3125,36949.884765625,23932.22265625,19166.4267578125,12155.9091796875,4879.93115234375,1962155,1966109.75,1965505,1953209.5625,60831.375,60552.802734375,173144.234375,222097.359375,220964.7109375,192140.9140625,113504.6640625,79912.671875,66023.71875,33595.96875,20593.3681640625,16267.1225585938,11234.2626953125,11122.7485351562,199789.5703125,366233.765625,294661,185179.7109375,146350.390625,108941.1171875,84296.4921875,38031.404296875
"22_After QC",2019-11-22 11:18:07.9,"2019-11-22","11H 18M 7.9S","After","Aurora","16888","Flow Core",264,264,1386,2256,1707,1079,1177,1069,1412,1225,1077,911,795,564,543,2563,844,664,173,173,1468,1468,8663,2741,2342,1331,1363,1182,2041,1567,1900,2067,768,1030,1391,779,617,397,563,546,322,304,763,334,-25.375,0,26.375,0.9,1.01,1.23,1998957,1997878.9375,196534.6875,462729.328125,532172.375,542384.96875,514477.625,362017.140625,396498.171875,235845.328125,164704.1328125,148477.015625,67688.4765625,36015.328125,23615.197265625,18700.384765625,11950.0004882812,4820.99267578125,2007820.5,2023444.625,1992178,1985384.6875,62522.560546875,61292.796875,171314.8671875,224828.625,223688.140625,192747.25,112842.1171875,80410.9921875,66318.046875,33920.111328125,20823.5849609375,16384.8916015625,11317.8334960938,11250.3559570312,194194.3984375,359998.046875,288754.71875,180997.7109375,144262.7890625,107486.515625,83269.1171875,37725.220703125
"22_Before QC",2019-11-22 11:08:37.79,"2019-11-22","11H 8M 37.79S","Before","Aurora","16888","Flow Core",258,258,1325,2190,1682,1028,1158,1033,1383,1199,1054,911,780,554,542,2508,838,661,176,176,1506,1506,9063,2768,2324,1358,1409,1207,2086,1609,1913,2118,791,1056,1421,806,595,397,562,538,323,307,774,338,-25.4,0,26.375,0.91,1.02,1.22,1925327,1952163.1875,187608.4921875,448522.125,535495.84375,522952.46875,504548.40625,356350.671875,388531.375,231069.9921875,160823.1015625,147576.046875,65711.56640625,34995.42578125,23241.7685546875,17585.9609375,11601.3598632812,4655.7353515625,2061946.5,2109189.375,2042795.5,2062678.5625,64916.6875,61355.8828125,165084,224733.8828125,228473.5703125,191140.8984375,111864.70703125,82684.93359375,65807.5390625,35320.80078125,21171.0107421875,16536.4169921875,11234.9047851562,11464.8374023438,187344.921875,353651.5625,283854.28125,174355.1953125,141967.8671875,105634.703125,82268.46875,37423.037109375
"21_After QC",2019-11-21 10:04:31.38,"2019-11-21","10H 4M 31.38S","After","Aurora","16888","Flow Core",258,258,1325,2190,1682,1028,1158,1033,1383,1199,1054,911,780,554,542,2508,838,661,176,176,1506,1506,9063,2768,2324,1358,1409,1207,2086,1609,1913,2118,791,1056,1421,806,595,397,562,538,323,307,774,338,-25.4,0,26.375,0.91,1.02,1.22,1981577,1983658.0625,195192.453125,459344.078125,540673.4375,546230.71875,511574.890625,366571.890625,395412.46875,235373.2109375,164762.78125,148833.8671875,67363.51171875,36066.5390625,23667.6640625,18295.66015625,11900.421875,4793.07568359375,1977989.5,2005242,2028972,2034935.5,63023.283203125,61105.572265625,167056.1015625,222212.375,224391.796875,189242.1796875,111094.19140625,82017.125,66149.84375,34953.595703125,20896.0634765625,16462.8564453125,11266.3564453125,11332.9975585938,191647.515625,358169.640625,287486.5,177492.015625,143243.2265625,106463.20703125,82879.83203125,37649.111328125
"21_Before QC",2019-11-21 10:00:05.21,"2019-11-21","10H 0M 5.21S","Before","Aurora","16888","Flow Core",260,260,1364,2226,1670,1052,1147,1052,1380,1204,1075,917,789,565,542,2557,846,668,175,175,1497,1497,8948,2789,2375,1356,1387,1208,2076,1610,1923,2101,790,1058,1422,802,594,399,561,543,324,308,774,338,-25.4,0,26.375,0.91,1.02,1.23,1998524.5,1997799.25,200816.9609375,458459.75,540771.0625,557860.9375,512891.140625,374849.609375,395075.171875,241444.234375,168836.6796875,149057.953125,67576.25390625,36760.828125,23748.0654296875,18698.990234375,12133.9814453125,4824.44702148438,1955713.5,1967582.4375,2025465.5,2030885.3125,62321.291015625,64465.57421875,174231.6484375,222149.640625,217597.5078125,189124.6015625,111405.2734375,82021.3671875,68712.875,34918.611328125,20872.4912109375,16461.7880859375,11223.8559570312,11228.2309570312,195180.7578125,363124.890625,286743.140625,183380.6640625,145643.296875,108303.5390625,83735.31640625,38174.689453125
"20_After QC",2019-11-20 08:53:14.85,"2019-11-20","8H 53M 14.85S","After","Aurora","16888","Flow Core",260,260,1364,2226,1670,1052,1147,1052,1380,1204,1075,917,789,565,542,2557,846,668,175,175,1497,1497,8948,2789,2375,1356,1387,1208,2076,1610,1923,2101,790,1058,1422,802,594,399,561,543,324,308,774,338,-25.4,0,26.375,0.91,1.02,1.23,1993001,1997830.9375,194733.953125,453249.375,545202,545910.03125,518108.171875,368746.796875,396097.9375,240962.6953125,165755.8125,148074.71875,66758.37109375,36033.759765625,23684.8740234375,18374.9990234375,12048.6704101562,4802.66674804688,1968801.5,1984279.3125,2043424,2053191.125,62933.708984375,63962.310546875,170317.015625,222497.0390625,221885.40625,189416.4375,111892.2734375,82116.328125,68865.69921875,35180.728515625,20949.5966796875,16527.13671875,11266.8520507812,11316.5649414062,193770.8359375,359687.296875,285131.09375,180843.2578125,144579.5,107378.4296875,83582.44140625,38001.197265625
"20_Before QC",2019-11-20 08:48:35.48,"2019-11-20","8H 48M 35.48S","Before","Aurora","16888","Flow Core",262,262,1350,2242,1680,1038,1155,1051,1373,1195,1060,895,778,549,531,2485,822,652,178,178,1473,1473,8953,2769,2375,1331,1395,1188,2081,1568,1940,2015,777,1049,1396,791,591,398,554,528,320,303,756,333,-25.4,0,26.35,0.91,1.02,1.23,2015266,2017837.75,196088.5625,454670.5,546177.09375,536111.5,518565.328125,370330.140625,397608.46875,235705.5703125,165963.7890625,148538.484375,66890.59375,34992.771484375,23208.8974609375,18032.693359375,11748.5424804688,4700.44775390625,2008280.5,2025848.1875,1953552,1958826.1875,63050.865234375,60929.353515625,170152.3125,222327.3671875,220831.453125,188752.21875,111555.02734375,78834.0390625,68963.0703125,33411.533203125,20462.0078125,16374.2563476562,11171.6513671875,11133.9716796875,191077.953125,360503.25,285444.46875,175591.765625,142793.9453125,106022.14453125,82051.9140625,37414.9921875
"19_After QC",2019-11-19 09:58:11.29,"2019-11-19","9H 58M 11.29S","After","Aurora","16888","Flow Core",262,262,1350,2242,1680,1038,1155,1051,1373,1195,1060,895,778,549,531,2485,822,652,178,178,1473,1473,8953,2769,2375,1331,1395,1188,2081,1568,1940,2015,777,1049,1396,791,591,398,554,528,320,303,756,333,-25.4,0,26.35,0.91,1.02,1.23,2004113.5,2009232,195232.828125,455096.984375,544494.3125,536118.46875,513225.453125,369493.796875,397139.9375,234477.0703125,167442.7265625,151945.296875,67478.32421875,35887.54296875,23749.052734375,18435.798828125,11961.8852539062,4795.3671875,2022292.5,2038423.4375,1955561.5,1961067.125,62947.796875,61112.32421875,171739.0546875,223152.9765625,222791.9765625,192330.171875,112771.484375,80945.91796875,70209.37890625,34028.47265625,20801.2099609375,16585.833984375,11290.9038085938,11285.2172851562,191561.1875,366375.09375,288184.4375,178146.203125,144997.3828125,108164.640625,83412.859375,38126.759765625
"19_Before QC",2019-11-19 09:53:14.97,"2019-11-19","9H 53M 14.97S","Before","Aurora","16888","Flow Core",262,262,1319,2206,1701,1012,1159,1034,1384,1187,1036,905,763,539,532,2435,806,625,178,178,1473,1473,8923,2764,2303,1335,1409,1186,2055,1556,1941,2025,775,1038,1387,791,594,398,557,531,320,302,755,333,-25.375,0,26.35,0.91,1.02,1.22,2001731,2007536.4375,189582.875,453340.890625,545062.71875,523177.03125,512670.890625,361864.21875,396339.890625,234393.6640625,164492.7109375,152202.28125,66256.0546875,35476.60546875,23923.72265625,18250.4453125,11854.0825195312,4751.9072265625,2013021,2029304.8125,1950801,1958496.3125,62382.44921875,60834.9375,164645.65625,223254,229343.2421875,192103.4765625,112998.4375,80738.64453125,70418.76953125,33981.28515625,20775.556640625,16363.75,11111.7275390625,11298.9423828125,191763.390625,363040.078125,285696.109375,176338.421875,143885.359375,107028.12890625,82104.9375,37694.267578125
"19_After QC",2019-11-18 09:40:19.74,"2019-11-18","9H 40M 19.74S","After","Aurora","16888","Flow Core",262,262,1319,2206,1701,1012,1159,1034,1384,1187,1036,905,763,539,532,2435,806,625,178,178,1473,1473,8923,2764,2303,1335,1409,1186,2055,1556,1941,2025,775,1038,1387,791,594,398,557,531,320,302,755,333,-25.375,0,26.35,0.91,1.02,1.22,1996021.5,2009590.4375,193914.984375,458422.53125,534896.125,534923.46875,509562.5,366267.078125,392489.71875,234882.0546875,166214.265625,149283.3828125,67155.02734375,35764.814453125,23570.9287109375,18307.826171875,11832.5844726562,4721.87426757812,2047399.5,2062201.375,1947472.5,1954080.5,62574.33984375,61372.22265625,170944.28125,223969.453125,226138.1171875,192247.4765625,113802.7890625,81544.640625,70645.74609375,33801.220703125,20899.060546875,16589.8544921875,11232.822265625,11357.5888671875,194004.625,362465.5,284936.890625,176078.4140625,143548.7421875,106613.69140625,81863.98046875,37553.677734375
"18_Before QC",2019-11-18 09:23:46.85,"2019-11-18","9H 23M 46.85S","Before","Aurora","16888","Flow Core",260,260,1296,2170,1704,1004,1148,1036,1384,1199,1065,971,788,548,548,2507,824,635,176,176,1472,1472,9189,2742,2269,1319,1421,1199,2068,1619,1965,2097,782,1045,1415,795,605,400,559,530,320,302,755,333,-25.475,0,26.4,0.91,1.02,1.23,1988578.5,1987054.9375,189834.546875,461919.859375,538078.03125,537509.0625,512065.796875,367796.1875,394247.734375,235951.5,172217.3828125,161390.5,68970.296875,36672.470703125,24524.15625,18854.05859375,12208.912109375,4871.9208984375,1987401.5,2003000.8125,1946776.5,1946332,64872.2421875,61101.26953125,170038.078125,222102.359375,226258.9609375,192226,113528.5078125,84422.3671875,70308.92578125,35312.98046875,20986.0263671875,16701.8505859375,11484.7041015625,11322.0170898438,195587.234375,370476.34375,286225.90625,177002.6953125,144985.6328125,107867.26953125,82986.078125,38089.923828125
"15-After QC",2019-11-15 12:22:18.81,"2019-11-15","12H 22M 18.81S","After","Aurora","16888","Flow Core",260,260,1296,2170,1704,1004,1148,1036,1384,1199,1065,971,788,548,548,2507,824,635,176,176,1472,1472,9189,2742,2269,1319,1421,1199,2068,1619,1965,2097,782,1045,1415,795,605,400,559,530,320,302,755,333,-25.475,0,26.4,0.91,1.02,1.23,1986599,1994045.6875,191960.6640625,454768.671875,534181.6875,543001.09375,511387.734375,370714.21875,392245.859375,237262.5703125,169635.375,151464.15625,66692.765625,35444.443359375,23573.115234375,18801.5,11960.3525390625,4730.14233398438,2014101,2028312.5625,1952834,1951449.0625,62882.275390625,61313.6015625,172576.7265625,224588.3828125,221971.3125,188136.3125,109745.0078125,81081.44921875,67211.6328125,34479.646484375,20827.8974609375,16590.333984375,11354.0048828125,11306.91796875,192826.03125,366734.28125,283454.53125,175509.9375,144157.4453125,107330.078125,82713.63671875,37862.01953125
"15-Before QC",2019-11-15 12:18:40.08,"2019-11-15","12H 18M 40.08S","Before","Aurora","16888","Flow Core",256,256,1290,2172,1681,998,1143,1025,1381,1192,1039,922,775,537,544,2515,827,663,174,174,1484,1484,9013,2814,2286,1336,1414,1171,2094,1588,1905,2051,777,1036,1385,790,601,400,563,535,322,308,748,335,-25.6,0,26.5,0.91,1.02,1.22,1938634,1946140.6875,189750.765625,450441.4375,528734.9375,526528.53125,495287.46875,366849.40625,389288.1875,234739.65625,164290.1328125,143478.1796875,64381.546875,34288.0703125,22904.9580078125,18429.021484375,11641.2587890625,4675.15356445312,1964631.5,1993670.0625,1964223.5,1963446.875,62199.423828125,64830.30078125,172559.8046875,224223.734375,222953.9921875,184787.2578125,110477.359375,81899.82421875,64940.900390625,33155.849609375,20827.857421875,16664.521484375,11123.3237304688,11339.8061523438,186062.71875,359454.578125,283378.5,174992.3046875,142323.8984375,106563.3984375,80545.06640625,37277.275390625
"Tube_001",2019-11-14 11:41:52.58,"2019-11-14","11H 41M 52.58S","Unknown","Aurora","16888","Flow Core",257,257,1284,2100,1637,1011,1134,1013,1344,1174,1098,1016,923,680,656,1058,1022,778,181,181,1507,1507,9032,2802,2439,1392,1562,1344,2338,1881,2285,2446,903,1231,1631,921,964,658,887,839,506,488,1212,526,-25.6,0,26.375,0.92,1.02,1.22,1969282,2008500.4375,194890.03125,443708.1875,533736.625,548486.875,509451.21875,366329.921875,389699.4375,239954.703125,178095.4375,166805.6875,80424.0625,45391.97265625,29266.5234375,8118.61938476562,15426.8051757812,6031.85180664062,2116927,2156426.875,2025434.5,2033720.9375,62350.953125,65087.802734375,190211.1875,233158.1796875,246669.5625,214802.4765625,123476.3515625,98182.42578125,79580.15234375,39070.01171875,24485.58203125,19804.3212890625,13187.2133789062,13281.1982421875,312177.96875,603596.90625,456856.546875,276923.421875,230298.078125,175209.3046875,131380.0078125,60538.50390625
"14_Before QC_New Beads",2019-11-14 11:02:36.57,"2019-11-14","11H 2M 36.57S","Before","Aurora","16888","Flow Core",257,257,1284,2100,1637,1011,1134,1013,1344,1174,1098,1016,923,680,656,1058,1022,778,181,181,1507,1507,9032,2802,2439,1392,1562,1344,2338,1881,2285,2446,903,1231,1631,921,964,658,887,839,506,488,1212,526,-25.6,0,26.375,0.92,1.02,1.22,1965494.5,2011726.9375,192897.8125,440258.421875,529727.25,548854.96875,508859.515625,367347.171875,386851.65625,235698.5078125,167329.1796875,147176.8671875,66436.6484375,36079.73046875,23649.2861328125,6419.72045898438,12135.248046875,4809.08837890625,2098547.5,2137849.25,2014750,2030817.3125,61711.3203125,64470.3203125,177031.0078125,216486.34375,222197.6328125,187662.1015625,106985.2578125,82712.24609375,67596.62890625,33382.8046875,20895.5498046875,16726.0966796875,11197.568359375,11478.6889648438,211528.875,402397.1875,306419.15625,189819.34375,157791.546875,118369.52734375,89991.41015625,41579.787109375
"14_Before QC",2019-11-14 09:24:41.52,"2019-11-14","9H 24M 41.52S","Before","Aurora","16888","Flow Core",257,257,1284,2100,1637,1011,1134,1013,1344,1174,1098,1016,923,680,656,1058,1022,778,181,181,1507,1507,9032,2802,2439,1392,1562,1344,2338,1881,2285,2446,903,1231,1631,921,964,658,887,839,506,488,1212,526,-25.6,0,26.375,0.92,1.02,1.22,2014463.5,2015294.25,192614.71875,440133.203125,528380.1875,550804.21875,511612.421875,371429.390625,386570.71875,235124.953125,167144.8515625,144531.7421875,60272.1875,30150.9072265625,20221.6728515625,5216.21240234375,9843.3701171875,4021.74182128906,1996560,1998917.8125,1991680,1988512.4375,60120.58984375,62033.7734375,165999.3203125,201522.546875,206769.1015625,175125.25,99319.95703125,73992.01171875,61070.41015625,30186.1591796875,18513.943359375,14806.0434570312,10060.4331054688,10134.5717773438,123586.80078125,220032.265625,170991.7109375,109505.21875,89297.28125,65042.876953125,50560.90625,23854.328125
"10-15_After QC",2019-10-15 08:06:17.07,"2019-10-15","8H 6M 17.07S","After","Aurora","16888","Flow Core",261,261,1247,2244,1552,995,1106,1007,1397,1145,1067,934,733,573,538,820,829,635,179,179,1477,1477,8897,2420,2269,1329,1304,1124,2046,1589,1830,1982,759,1036,1396,786,585,393,533,515,316,301,751,332,-25.8,0,26.325,0.92,1.01,1.22,2006762.5,2015158.25,194810.015625,455922.03125,541642.625,538705.34375,516238.71875,373101.3125,393413.859375,243623.65625,169132.421875,151525.53125,67803.15234375,36213.716796875,23905.7646484375,18753.2822265625,12087.7724609375,4829.42236328125,1979499,2013111.125,1985477,1979784.625,62727.82421875,60978.412109375,173182.109375,223024.4375,223873.671875,191245.9375,112909.14453125,82401.12109375,66323.22265625,35674.541015625,20679.7431640625,16462.0888671875,11335.578125,11227.5390625,192862.9140625,366408.953125,287493.203125,177511.8515625,144950.375,108009.9140625,83369.16015625,37997.353515625
"10-15_Before QC",2019-10-15 08:01:43.04,"2019-10-15","8H 1M 43.04S","Before","Aurora","16888","Flow Core",264,264,1298,2108,1636,1003,1166,998,1400,1144,1059,943,730,570,556,804,825,646,177,177,1435,1435,9332,2515,2123,1360,1364,1112,2031,1590,1872,1930,753,1043,1397,786,586,388,547,508,315,300,750,330,-25.75,0,26.425,0.91,1.01,1.22,2027104.5,2013380.625,201198.296875,445470.1875,563507.0625,550710.625,540361.78125,364311.625,392346.84375,241324.1328125,169030.1171875,155568.671875,67793.9375,35806.62890625,24455.2646484375,18128.294921875,11734.4541015625,4711.1005859375,1945658.5,1909894.125,1983053,1978796.75,66408.1171875,64002.904296875,160963.5703125,229835.375,238936.2734375,187141.140625,113812.5390625,83302.5234375,70319.5390625,34318.607421875,20778.734375,16873.908203125,11530.1513671875,11304.9223632812,192401.34375,361566.9375,292674.3125,175224.5234375,144390.328125,107904.4609375,83036.453125,37642.12109375
"10-11_After QC",2019-10-11 08:55:32.54,"2019-10-11","8H 55M 32.54S","After","Aurora","16888","Flow Core",260,260,1251,2085,1598,981,1123,986,1376,1119,1048,922,717,565,538,790,804,615,177,177,1434,1434,9074,2434,2110,1347,1317,1104,1997,1553,1807,1940,747,1034,1382,779,589,388,542,511,314,299,749,330,-25.75,0,26.375,0.91,1.01,1.22,1984612.5,1981175,192471.234375,445830.546875,523491.421875,544207.5625,516094.859375,365901.953125,392524.921875,236772.375,167098.515625,148489.9296875,66914.33203125,35378.490234375,23436.0185546875,18331.9326171875,11848.5346679688,4727.72412109375,1959107.5,1982098.875,2017270.5,2019126.25,62439.373046875,61150.0390625,168766.484375,223567.671875,222530.4921875,190144.7578125,109197.0078125,79742.46875,66554.8515625,34386.185546875,20660.0478515625,16470.5537109375,11172.5356445312,11261.2622070312,191550.2109375,359844.453125,285240.875,173852.8984375,143778.203125,107203.1015625,82684.71875,37657.716796875
"10-11_Before QC",2019-10-11 08:51:02.99,"2019-10-11","8H 51M 2.99S","Before","Aurora","16888","Flow Core",261,261,1273,2101,1625,987,1142,987,1393,1128,1050,934,720,563,544,789,803,613,176,176,1440,1440,9250,2482,2131,1363,1335,1109,2037,1584,1870,1949,750,1039,1392,785,591,390,544,514,315,299,751,330,-25.8,0,26.375,0.91,1.01,1.23,2013289,1998897.5625,193635.2578125,448035.71875,545677.09375,545006.40625,517450.578125,366453.484375,392716.25,237093.265625,167315.140625,149342.3046875,67015.3046875,35596.01953125,23818.26171875,18427.6650390625,11955.5756835938,4774.42431640625,1941282.5,1948397.4375,2013608.5,2010731.6875,64095.064453125,63910.9765625,168813.953125,230235.921875,227978.125,190193.71875,113901.69140625,79868.73046875,69892.5625,34242.8984375,20770.560546875,16613.9306640625,11429.6201171875,11373.5493164062,193179.9375,369045.5,293990.296875,178366.2265625,146107.21875,108495.125,84358.828125,38237.8671875
"10-09_After QC",2019-10-10 08:59:16.88,"2019-10-10","8H 59M 16.88S","After","Aurora","16888","Flow Core",261,261,1273,2101,1625,987,1142,987,1393,1128,1050,934,720,563,544,789,803,613,176,176,1440,1440,9250,2482,2131,1363,1335,1109,2037,1584,1870,1949,750,1039,1392,785,591,390,544,514,315,299,751,330,-25.8,0,26.375,0.91,1.01,1.23,2005339.5,2004650.625,191034.796875,445541.09375,537977.1875,544022.3125,510019.953125,369190.265625,389621.578125,236436.3984375,168011.5234375,147827.0078125,66940.4921875,35764.513671875,23594.486328125,18436.296875,11920.236328125,4750.10913085938,1955319.5,1975838.125,2013531,2014958.6875,62880.1796875,62660.984375,167864.109375,227915.7109375,225669.28125,189523.65625,111848.5859375,78320.75,67570.30859375,34175.119140625,20772.7421875,16625.7412109375,11309.5200195312,11318.404296875,192267.03125,365695.4375,291576.015625,177166.9296875,145234.2265625,108165.1953125,83730.97265625,38083.52734375
"10-09_Before QC",2019-10-10 08:55:58.18,"2019-10-10","8H 55M 58.18S","Before","Aurora","16888","Flow Core",261,261,1295,2088,1626,999,1153,990,1391,1142,1039,931,722,557,549,793,802,616,177,177,1399,1399,8988,2478,2068,1348,1357,1097,1990,1563,1845,1912,742,1024,1378,783,582,384,539,504,313,298,742,328,-25.925,0,26.55,0.91,1.01,1.22,2002939.5,1997583.3125,195553.1015625,445594.890625,536011.375,543329.09375,523200,367034.140625,388340.71875,241623.0703125,167528.2109375,147628.1875,66911.71484375,35059.634765625,23709.0576171875,18529.630859375,11875.3154296875,4765.04833984375,1969435.5,1986421.25,1941408.5,1945540.8125,61253.494140625,63037.9765625,167893.875,221373.078125,226344.421875,190013.015625,107461.69921875,78391.6171875,67694.19921875,34319.412109375,20490.875,16358.3452148438,11191.8002929688,11274.619140625,190871.96875,353921.046875,284369.28125,170096.296875,143050.6171875,106842.84375,82089.28515625,37456.650390625
"10-09 After QC",2019-10-09 10:00:17.38,"2019-10-09","10H 0M 17.38S","After","Aurora","16888","Flow Core",261,261,1295,2088,1626,999,1153,990,1391,1142,1039,931,722,557,549,793,802,616,177,177,1399,1399,8988,2478,2068,1348,1357,1097,1990,1563,1845,1912,742,1024,1378,783,582,384,539,504,313,298,742,328,-25.925,0,26.55,0.91,1.01,1.22,1998194.5,2002285.5,193194.0859375,447852.734375,537543.40625,538025.96875,520126.125,366504.40625,390902.21875,239551.640625,169722.9296875,148049.8671875,66956.3125,35556.28125,23556.3603515625,18535.2109375,11950.828125,4786.43017578125,1998816,2019676.1875,1978754.5,1986211.5625,62534.37890625,62750.171875,172381.96875,223465.0625,221729.875,191718.984375,109681.0390625,79273.3515625,68125.0703125,34915.224609375,20724.333984375,16538.732421875,11286.3901367188,11227.7958984375,192247.390625,356691.4375,285935.734375,172142.578125,143666.0078125,107147.37109375,82759.53515625,37621.333984375
"10-09 Before QC",2019-10-09 09:56:46.72,"2019-10-09","9H 56M 46.72S","Before","Aurora","16888","Flow Core",262,262,1315,2080,1599,1004,1152,1001,1382,1175,1055,952,741,568,567,821,842,660,179,179,1387,1387,9353,2586,2124,1336,1355,1105,1996,1634,1960,1883,753,1037,1417,797,592,397,553,524,321,309,765,340,-25.725,0,26.275,0.92,1.01,1.22,2003075.5,2055528.5625,203221.015625,459387.796875,530513.96875,562575.4375,532208.9375,375430.265625,400914.734375,251222.21875,174058.6640625,156023.3046875,70121.3046875,37559.703125,24900.2099609375,19344.9345703125,12601.3178710938,5001.64990234375,2070000,2133506.5,1990419.5,2007904,66347.84765625,66936.94921875,175056.0078125,228031.65625,225950.9140625,194418.515625,111385.8984375,83208.46875,72433.0234375,35568.9765625,21343.3515625,17090.4453125,11651.4877929688,11566.9838867188,194155.828125,374284.109375,298351.203125,183924.0390625,148707.2265625,112086.7109375,85760.15625,38909.36328125
"10-08_After Blue Adjust-3",2019-10-08 13:06:15.02,"2019-10-08","13H 6M 15.02S","After","Aurora","16888","Flow Core",262,262,1315,2080,1599,1004,1152,1001,1382,1175,1055,952,741,568,567,821,842,660,179,179,1387,1387,9353,2586,2124,1336,1355,1105,1996,1634,1960,1883,753,1037,1417,797,592,397,553,524,321,309,765,340,-25.725,0,26.275,0.92,1.01,1.22,1995580,2008631.0625,197361.90625,452026.5,523881.484375,547508.75,519667.859375,362794.953125,396994.265625,242328.1328125,167173.5859375,150680,66933.58203125,36408.58984375,23918.294921875,18522.0595703125,12076.0053710938,4895.95483398438,1973620,1992149.125,2011464,2018136.0625,63508.89453125,63985.716796875,171621.3125,226366.25,220589.5,189691.9375,109803.87890625,79877.8984375,68213.3671875,34622.533203125,20914.4345703125,16812.806640625,11524.1987304688,11410.4912109375,188335.6328125,360716.09375,285258.125,176590.1640625,143214.6328125,106675.421875,82394.74609375,37611.287109375
"10-08_After Blue Adjust-2",2019-10-08 13:02:35.65,"2019-10-08","13H 2M 35.65S","After","Aurora","16888","Flow Core",262,262,1315,2080,1599,1004,1152,1001,1382,1175,1055,952,741,568,567,821,842,660,179,179,1387,1387,9353,2586,2124,1336,1355,1105,1996,1634,1960,1883,753,1037,1417,797,592,397,553,524,321,309,765,340,-25.725,0,26.275,0.92,1.01,1.22,1991444,2006693.0625,197704.6875,452844.71875,524274.296875,546903,520374.171875,362859.828125,397120.8125,242068.5078125,167302.1953125,150571.09375,66937.0625,36386.873046875,23875.4189453125,18565.2041015625,12006.32421875,4866.2724609375,1971020,1992500.6875,2012796,2022649.125,63985.478515625,64445.958984375,172280.109375,226510.59375,220972.578125,190393.96875,110300.68359375,80108.21875,68502.62109375,34711.4765625,20934.982421875,16720.7197265625,11411.9306640625,11418.9799804688,188702.0390625,361371.859375,285823.875,176696.9921875,143505.3828125,107023.1796875,82454.265625,37701.89453125
"10-08_After Blue Adjust",2019-10-08 13:00:05.75,"2019-10-08","13H 0M 5.75S","After","Aurora","16888","Flow Core",262,262,1315,2080,1599,1004,1152,1001,1382,1175,1055,952,741,568,567,821,842,660,179,179,1387,1387,9353,2586,2124,1336,1355,1105,1996,1634,1960,1883,753,1037,1417,797,592,397,553,524,321,309,765,340,-25.725,0,26.275,0.92,1.01,1.22,1995363,2009685.6875,197824.0390625,452837.65625,524839.1875,547296.875,521213.625,362901.671875,397330.078125,242331.3828125,167392.671875,150661.625,66987.9453125,36485.12109375,23938.5849609375,18554.0419921875,12024.8833007812,4865.79858398438,1972100,1991242.5,2015482,2023696.9375,63572.126953125,64388.17578125,172098.1953125,225660.546875,220911.6875,189975.2890625,109726.37109375,80056.95703125,68624.54296875,34635.609375,20937.681640625,16707.107421875,11372.6064453125,11414.3247070312,188511.734375,361484.578125,285983.84375,176462.9453125,143447.8515625,106841.63671875,82380.84375,37649.568359375
"10_After Service",2019-10-07 12:25:19.32,"2019-10-07","12H 25M 19.32S","After","Aurora","16888","Flow Core",200,200,1466,2518,1782,1218,1299,1164,1534,1351,1231,1031,853,620,577,668,457,332,53,53,372,372,4386,2002,2181,1354,1371,1716,1975,1604,1996,1629,674,944,1300,733,1013,698,883,736,501,393,1167,680,-26.4,0,26.825,0.69,1.01,1.23,1518016.5,1155835.375,151718.2734375,375380.65625,434531.90625,459258.28125,425533,301449.828125,313974.296875,198554.9921875,143000.8671875,125080.25,56565.8984375,30054.568359375,18383.013671875,11486.0180664062,4986.5966796875,1904.39715576172,421204,379534.75,596223.5,597771.78125,30082.2275390625,49862.68359375,178691,225817.265625,223693.15625,295502.375,108570.9921875,79677.1328125,69588,28978.400390625,18818.5146484375,15371.7641601562,10460.4326171875,10514.0361328125,315051.046875,630831.6875,447034.265625,249221.0859375,227499.890625,139205.3203125,127921.93359375,74456.79296875
"10_After QC",2019-10-07 08:36:41.81,"2019-10-07","8H 36M 41.81S","After","Aurora","16888","Flow Core",201,201,1477,2535,1804,1224,1297,1171,1535,1354,1235,1036,854,612,578,672,455,337,52,52,377,377,4454,2026,2194,1368,1399,1732,2001,1589,1990,1615,678,949,1295,733,1001,694,874,731,498,392,1159,677,-26.375,0,26.725,0.69,1.02,1.24,1527939.5,1157324.875,156876.2734375,395468.46875,434843.609375,461203.25,429695,301948.796875,315108.53125,199226.640625,146735.1328125,125186.109375,57090.103515625,30170.40625,18555.16796875,11678.40234375,4977.84716796875,1935.38610839844,415081,375841.5625,595254.5,602190.3125,30848.7900390625,49874.931640625,179565.9921875,232823.6015625,230305.3125,299055.359375,109080.15234375,82277.48828125,70389.5625,29517.802734375,19059.455078125,15390.4360351562,10324.8720703125,10528.8149414062,329325.125,640046.90625,459854.90625,250043.5546875,230864.8125,141862.25,129080.27734375,74974.6171875
"10_Before Auto",2019-10-07 08:32:48.27,"2019-10-07","8H 32M 48.27S","Before","Aurora","16888","Flow Core",206,206,1424,2572,1782,1235,1280,1178,1537,1354,1236,1009,882,606,561,657,464,322,54,54,429,429,4558,2120,2343,1421,1458,1772,2088,1701,1951,1683,682,957,1358,740,1003,704,888,734,502,390,1182,676,-26.475,0,26.95,0.69,0.99,1.23,1572878,1192732.625,147711.8125,394509.90625,431516.78125,470851.5625,418060.46875,302212.8125,313919.1875,199066.515625,146681.3203125,122111.4609375,58392.693359375,30071.4482421875,18053.482421875,11427.3876953125,5104.9052734375,1869.53472900391,423045.5,369967.34375,681739.5,668437.96875,30163.8115234375,51988.70703125,188228.21875,230308.28125,229713.8515625,299448.375,109998.94140625,82508.72265625,67894.5,29682.126953125,18463.0576171875,14965.771484375,10568.5903320312,10258.6206054688,325507.25,643996.28125,466487.953125,246564.9375,230631.421875,139545.7265625,130546.6796875,74919.19140625
"30",2019-08-30 09:12:46.4,"2019-08-30","9H 12M 46.4S","Unknown","Aurora","16888","Flow Core",197,197,1387,2402,1763,1170,1246,1124,1492,1316,1204,1011,837,609,566,662,446,331,51,51,361,361,4015,1895,1996,1262,1314,1605,1941,1521,1793,1506,640,887,1208,696,936,664,844,697,477,377,1106,651,-26.725,0,27.15,0.69,1.01,1.23,1510490.5,1150195,155103.7578125,373322.09375,438432.953125,458952.1875,422778.671875,294721.71875,312798.40625,198029.5,145740.4375,125403.25,56676.55078125,30524.3671875,18427.271484375,11589.3999023438,4981.9150390625,1932.66705322266,420199.5,374167.859375,596233.5,599418.59375,30342.5615234375,49272.09375,179485.9609375,232379.703125,225931.765625,293325.6875,110103.16015625,79277.37109375,68426.46875,28476.4609375,18774.13671875,15263.2197265625,10173.6430664062,10499.4140625,316910.734375,634507.09375,451121.25,246687.8046875,227471.4921875,139690.5546875,127534.875,74803.08984375
"29",2019-08-29 13:58:37.53,"2019-08-29","13H 58M 37.53S","Unknown","Aurora","16888","Flow Core",198,198,1399,2419,1785,1192,1254,1126,1502,1320,1212,1016,845,611,569,666,452,332,51,51,370,370,4096,1922,2029,1278,1333,1626,1973,1538,1843,1530,649,902,1235,710,964,682,876,716,489,386,1135,667,-26.325,0,26.775,0.69,1.01,1.24,1509824.5,1147798.625,154855.4609375,374296.984375,451265,464162.203125,421718.703125,296391.96875,321845.734375,198641.8046875,145497.609375,125528.37890625,56535.49609375,30669.7646484375,18510.041015625,11646.3510742188,5009.67211914062,1935.80419921875,416861,375312.96875,599252,603393.625,30543.88671875,50725.46875,177732.921875,238039.34375,230812.75,291676.8125,114140.3359375,81907,70208.84375,29375.9326171875,18995.185546875,15400.1733398438,10281.5581054688,10583.1665039062,318328.78125,634193.96875,459217.390625,248310.765625,229798.0546875,140678.46875,128988.609375,74319.85546875
"28",2019-08-28 09:17:04.79,"2019-08-28","9H 17M 4.79S","Unknown","Aurora","16888","Flow Core",198,198,1385,2430,1762,1187,1245,1126,1501,1320,1212,1008,847,608,566,666,450,331,51,51,367,367,4039,1927,2026,1278,1342,1624,1983,1531,1822,1515,652,899,1239,713,967,678,867,715,488,386,1130,666,-26.425,0,26.775,0.69,1.01,1.24,1508804,1144969.375,155620.8359375,369466.1875,440667.640625,463966.75,424039.484375,295068.515625,321194.234375,197642.6015625,145130.3125,125898.32421875,57436.275390625,30718.611328125,18446.095703125,11587.0434570312,4974.15478515625,1920.21398925781,414109.5,370391.359375,598718,602030.03125,30288.9208984375,50736.158203125,177156.8046875,237248.203125,228015.0859375,290768.546875,113291.5546875,81701.63671875,67675.97265625,28350.2138671875,18975.4384765625,15287.1259765625,10225.072265625,10534.353515625,317751.34375,637704.5,463082.109375,248607.171875,229038.3515625,140780.609375,127960.17578125,74502.41796875
"27",2019-08-27 13:30:45.99,"2019-08-27","13H 30M 45.99S","Unknown","Aurora","16888","Flow Core",198,198,1395,2424,1784,1192,1244,1135,1487,1328,1214,1020,853,611,570,670,452,335,51,51,367,367,4052,1928,2027,1286,1338,1623,1987,1528,1837,1538,654,905,1240,714,963,678,869,712,489,387,1136,668,-26.325,0,26.725,0.69,1.01,1.24,1506363,1143799.5625,155356.21875,372646.859375,449840.375,463768.25,424480.140625,300415.703125,315852.765625,197312.421875,145117.8125,124899.39453125,57184.88671875,30572.751953125,18457.7470703125,11626.3286132812,4984.21044921875,1942.92028808594,415573,374826.828125,599559,603896.65625,30378.5185546875,50520.958984375,177664.3671875,236660.875,229699.046875,291780.578125,113133.88671875,82647.08984375,67558.99609375,29185.1767578125,19001.9423828125,15282.4360351562,10206.2358398438,10575.4028320312,317913.734375,636432.90625,461556.0625,248671.015625,229256.671875,139959.7578125,128464.109375,74645.9296875
"23",2019-08-23 09:34:11.3,"2019-08-23","9H 34M 11.3S","Unknown","Aurora","16888","Flow Core",199,199,1403,2441,1805,1199,1257,1134,1501,1332,1218,1020,851,615,569,670,454,334,50,50,371,371,4110,1921,2010,1263,1320,1625,1978,1532,1855,1545,642,894,1227,703,967,683,873,721,486,384,1128,665,-26.3,0,26.75,0.69,1.01,1.24,1490790.5,1127797.875,154691.8125,386732.40625,444107.34375,460751.4375,420131.75,300731.34375,322280.28125,196716.375,145093.5859375,124963.203125,57268.818359375,30455.509765625,18491.5,11613.19140625,4968.31689453125,1938.33557128906,419852,385239.953125,612861,611323.4375,30779.28125,51408.66796875,180644.7109375,236310.75,229018.1953125,295859.359375,115356.79296875,83705.73828125,70842.4375,29629.302734375,19296.1416015625,15723.1938476562,10377.5278320312,10691.7739257812,316346.421875,630559.46875,459438.5,251635.796875,227890.1953125,138921.65625,128200.37109375,73986.85546875
"21",2019-08-21 13:07:52.75,"2019-08-21","13H 7M 52.75S","Unknown","Aurora","16888","Flow Core",199,199,1356,2438,1745,1180,1237,1129,1471,1329,1223,988,850,600,562,666,449,330,52,52,360,360,4033,1852,2014,1261,1314,1617,1970,1572,1860,1539,655,900,1241,709,954,673,846,709,486,386,1130,665,-26.375,0,26.725,0.69,1.01,1.24,1522152.5,1155669.6875,154279.1328125,394460.5625,440584.828125,465973.328125,429023.40625,295289.34375,316976.765625,197999.484375,145033.6171875,124805.7734375,57472.505859375,30461.19140625,18528.43359375,11629.3857421875,5011.9697265625,1925.99884033203,422722,385438.625,590203,592955.25,30355.2236328125,49105.990234375,177223.2734375,234055.296875,224191.59375,294267.703125,114407.4375,81917.3515625,69845.35546875,29452.3515625,18980.875,15422.6166992188,10363.5478515625,10531.2109375,324057.78125,641482.3125,455821.65625,250129.546875,229636.671875,141259.1953125,128906.16796875,74967.96484375
"20",2019-08-20 08:38:37.31,"2019-08-20","8H 38M 37.31S","Unknown","Aurora","16888","Flow Core",199,199,1348,2463,1736,1177,1233,1129,1462,1327,1226,987,854,602,562,668,448,332,51,51,358,358,3985,1813,2007,1257,1303,1613,1976,1563,1853,1529,653,899,1241,710,962,675,848,707,488,386,1134,668,-26.325,0,26.7,0.69,1.01,1.24,1519184,1151940.4375,155713.6640625,389569.015625,444288.5625,466412.140625,430251.1875,295873.65625,318919.75,197504.6328125,144298.21875,124624.6484375,57170.24609375,30315.712890625,18520.177734375,11661.84375,4979.52807617188,1928.27429199219,415967,375692.1875,581773,584660.09375,30479.3056640625,48302.990234375,177666.703125,234379.296875,226231,294678.515625,113900.6171875,82161.8203125,70098.3359375,29657.8154296875,19087.92578125,15350.6450195312,10334.8032226562,10525.62109375,321829.421875,639118.65625,454497.25,249958.8515625,229957.6953125,141234.03125,129696.359375,75136.7578125
"19",2019-08-19 12:56:04.4,"2019-08-19","12H 56M 4.4S","Unknown","Aurora","16888","Flow Core",201,201,1358,2460,1720,1180,1233,1130,1460,1322,1222,987,864,597,560,671,452,335,51,51,354,354,3944,1817,2002,1250,1295,1613,1950,1561,1853,1524,649,887,1236,704,956,668,845,699,485,385,1128,666,-26.35,0,26.75,0.69,1.01,1.24,1537368,1168581.8125,154388.6953125,390896.53125,447031.484375,465833.3125,430137.734375,301799.15625,319002.84375,198646.84375,144899.328125,124796.28515625,56487.34375,30624.70703125,18454.8125,11587.478515625,4982.58129882812,1920.61499023438,416226.5,380551.34375,581970,586623.34375,30108.275390625,48156.697265625,177553.484375,235290.5,227217.3125,294678.421875,110604.7890625,81840.703125,70153.22265625,29611.90234375,19067.869140625,15299.9545898438,10223.7250976562,10501.8837890625,323359.671875,632280.625,455091.890625,246885.3984375,229504.7890625,140868.9765625,128914.41015625,74881.47265625
"15",2019-08-15 08:33:24.94,"2019-08-15","8H 33M 24.94S","Unknown","Aurora","16888","Flow Core",199,199,1361,2423,1737,1167,1241,1117,1468,1319,1207,1002,848,608,572,671,453,334,52,52,358,358,3958,1822,1966,1263,1310,1620,1967,1567,1847,1548,654,902,1242,708,952,676,850,708,489,390,1143,673,-26.325,0,26.7,0.69,1.01,1.24,1519359,1150431.4375,153589.1328125,377618.765625,443051.625,459287.984375,427576.71875,298057.375,317421.140625,199128.6328125,146798.546875,122600.90625,57492.900390625,30591.900390625,18499.287109375,11606.4912109375,4984.84155273438,1924.99090576172,421880.5,383233.5,579740,581826.4375,30495.04296875,48064.787109375,173873.328125,232089.015625,224049.8515625,292842.53125,113806.53125,81726.1015625,69901.94921875,29238.619140625,18944.0673828125,15259.296875,10306.4091796875,10492.1640625,323528.703125,637162,453298.1875,250232.234375,230202.140625,141450.3984375,128695.83203125,75144.390625
"13",2019-08-14 10:30:17.52,"2019-08-14","10H 30M 17.52S","Unknown","Aurora","16888","Flow Core",355,355,1364,2434,1759,1153,1253,1106,1490,1322,1214,1048,857,641,590,683,472,342,90,90,161,161,3951,1781,1950,1257,1288,1623,1977,1570,1838,1548,656,912,1249,708,985,695,870,724,499,395,1166,684,-26.25,0,26.775,0.69,1.01,1.24,2249936,1718599.9375,146922.2265625,341574.171875,385684.015625,384861.171875,359762.265625,249335.53125,271131.75,174941.578125,133146.6015625,120629.61328125,55652.27734375,31267.33984375,19025.4921875,11864.78515625,4989.92919921875,1952.48541259766,785561.5,745951.90625,155110.5,166762.0234375,23060.6748046875,37910.634765625,135307.7421875,186610.6015625,185421.4296875,251566.6640625,101910.0078125,76112.35546875,63452.919921875,28219.9462890625,18724.3544921875,14684.8676757812,9255.84912109375,10076.2143554688,314623.203125,616429.5,448300.6875,251709.8125,231982.6015625,149244.5546875,127491.48046875,73692.78515625
"12",2019-08-12 09:44:28.22,"2019-08-12","9H 44M 28.22S","Unknown","Aurora","16888","Flow Core",355,355,1364,2434,1759,1153,1253,1106,1490,1322,1214,1048,857,641,590,683,472,342,90,90,161,161,3951,1781,1950,1257,1288,1623,1977,1570,1838,1548,656,912,1249,708,985,695,870,724,499,395,1166,684,-26.25,0,26.775,0.69,1.01,1.24,2691945.5,1987809.6875,136120.5703125,334020.390625,389242.1875,413346.015625,385351.796875,268450.78125,278944,176522.1796875,132811.0546875,112067.55859375,51719.759765625,27379.689453125,17287.70703125,10788.9736328125,4655.46801757812,1792.72241210938,880001.5,779239.53125,263462,261738.4375,28969.5654296875,47416.18359375,168967.15625,223777.625,219059.859375,280692.046875,109237.7890625,78026.19140625,64768.630859375,28078.080078125,18369.65625,14769.3403320312,9920.89697265625,10352.9951171875,311765.734375,613650.90625,439550.671875,240968.96875,222301.5390625,136466.6640625,124310.91796875,73925.6953125
"09",2019-08-09 08:53:32.56,"2019-08-09","8H 53M 32.56S","Unknown","Aurora","16888","Flow Core",354,354,1352,2405,1741,1149,1247,1106,1467,1311,1193,999,833,610,569,664,451,330,92,92,161,161,3879,1768,1936,1236,1268,1567,1924,1530,1799,1521,641,884,1214,693,961,675,842,707,485,384,1128,666,-26.175,0,26.625,0.69,1.01,1.24,2731745.5,2080384.375,153570.421875,377124.796875,437371.15625,461812.921875,421822,298166.515625,314560.75,198498.6796875,143474.0078125,122180,56954.970703125,30301.154296875,18459.8701171875,11649.0532226562,4948.82104492188,1920.71240234375,912893.5,820298.21875,269535,270609.984375,29916.00390625,48976.328125,174763.046875,228228.8125,222866.609375,289122.1875,110449.66796875,82741.26171875,68350.07421875,29496.5048828125,18759.5302734375,15137.2602539062,10147.4145507812,10399.5502929688,318405.6875,630423.59375,440142.90625,249362.96875,227851.3515625,139528.6875,128128.8125,72603.640625
"08",2019-08-08 09:06:44.53,"2019-08-08","9H 6M 44.53S","Unknown","Aurora","16888","Flow Core",354,354,1356,2445,1708,1170,1233,1115,1483,1312,1213,1002,849,608,570,664,452,332,92,92,161,161,3857,1814,1983,1201,1282,1598,1910,1533,1781,1554,638,886,1226,692,946,672,857,696,486,384,1130,665,-26.225,0,26.725,0.69,1.01,1.24,2728470.5,2076279.3125,152982.3828125,391395.171875,424817.75,456853.03125,423534.6875,295509.59375,313671.734375,197607.7578125,145325.515625,122099.3671875,57707.16796875,30403.3046875,18426.603515625,11577.9360351562,4964.275390625,1925.47546386719,914242,815844.875,268617.5,270907.578125,30105.5517578125,48886.583984375,180991.6484375,226404.671875,224142.984375,297104.109375,110484.4140625,82152.8671875,68872.53125,29786.8681640625,18958.720703125,15333.736328125,10246.7060546875,10462.85546875,311896.890625,632845.3125,448588.0625,243617.234375,227291.3515625,139279.0078125,127631.46875,72468.16796875
"17 After QC",2019-07-17 11:34:13.65,"2019-07-17","11H 34M 13.65S","After","Aurora","16888","Flow Core",353,353,1321,2340,1708,1115,1232,1082,1443,1255,1183,1009,822,601,559,645,443,324,90,90,158,158,3741,1679,1878,1148,1232,1534,1771,1472,1761,1483,617,861,1183,672,912,640,813,681,470,376,1096,649,-26.2,0,26.8,0.69,1.01,1.24,2735563.5,2076755.25,152551.1015625,370892.96875,430388.515625,449533.671875,429005.515625,298532.71875,308822.375,192234.875,144767.6015625,124593.7265625,56897.076171875,29823.0634765625,18168.9091796875,11518.2036132812,4860.89135742188,1886.62396240234,921803.5,833171.09375,267100,268531.0625,29955.41015625,48123.396484375,175729.171875,223755.984375,225758.453125,289273.0625,106641.02734375,82047.35546875,68001.4765625,29366.6328125,18740.9921875,14985.3916015625,10112.8393554688,10327.2099609375,319048.8125,624549.15625,447919.34375,249329.7890625,228233.828125,140794.546875,128127.82421875,73267.16015625
"17 Before QC",2019-07-17 11:29:56.91,"2019-07-17","11H 29M 56.91S","Before","Aurora","16888","Flow Core",353,353,1311,2301,1706,1108,1225,1079,1443,1235,1174,1014,815,605,560,648,446,327,90,90,157,157,3763,1672,1859,1144,1211,1516,1763,1463,1745,1477,621,866,1192,675,919,643,817,687,473,379,1107,653,-26.25,0,26.75,0.69,1.01,1.24,2733830,2079409.875,148823.7421875,370497.703125,432377.765625,451677.78125,418043.25,299432.71875,308558.734375,192438.5859375,145082.1015625,124908.2578125,57069.5234375,30419.9560546875,18372.375,11599.1455078125,4983.77685546875,1923.40209960938,913830.5,816197.6875,267831,268887.421875,30054.34375,48637.841796875,177398.859375,224155.234375,219849.796875,288847.3125,106393.9453125,82050.1171875,67982.40625,29407.0693359375,18899.533203125,15267.7861328125,10282.884765625,10404.8662109375,318223.546875,620806.375,447150.421875,248780.5,229489.96875,140985.3359375,129023.52734375,73249.6796875
